{"schemaVersion":"1.0","appDefinitionTemplate":{"id":"/providers/Microsoft.PowerApps/apps/","type":"Microsoft.PowerApps/apps","tags":{"primaryDeviceWidth":"1366","primaryDeviceHeight":"768","supportsPortrait":"true","supportsLandscape":"true","primaryFormFactor":"Tablet","showStatusBar":"false","publisherVersion":"3.25111.6","minimumRequiredApiVersion":"2.2.0","hasComponent":"false","hasUnlockedComponent":"false","isUnifiedRootApp":"false","sienaVersion":"20251125T052121Z-3.25111.6.0"},"properties":{"appVersion":"2025-11-25T05:21:21Z","lifeCycleId":"Published","createdByClientVersion":{"major":3,"minor":25111,"build":6,"revision":0,"majorRevision":0,"minorRevision":0},"minClientVersion":{"major":3,"minor":25111,"build":6,"revision":0,"majorRevision":0,"minorRevision":0},"backgroundColor":"RGBA(0,176,240,1)","backgroundImageUri":"/5250211809216577629/N2d3dcb1e-7d7f-4db3-b01b-a4fa76a19874-logoSmallFile","displayName":"Inventory Management","description":"","commitMessage":"","appUris":{"documentUri":{"value":"/5250211809216577629/N769be4cd-4ced-4940-882e-d38cf2edd922-document.msapp"},"imageUris":[],"additionalUris":[{"isSolutionAware":false,"value":"/5250211809216577629/N76b69264-321d-4fc7-b5ea-b5357fbe65ea-identity.json"}]},"createdTime":"0001-01-01T00:00:00Z","lastModifiedTime":"0001-01-01T00:00:00Z","sharedGroupsCount":0,"sharedUsersCount":0,"connectionReferences":{},"databaseReferences":{},"almMode":"Environment","performanceOptimizationEnabled":true,"canConsumeAppPass":true,"enableModernRuntimeMode":false,"executionRestrictions":{"isTeamsOnly":false,"dataLossPreventionEvaluationResult":{"status":"Compliant","lastEvaluationDate":"2025-11-25T05:21:24.5650165Z","violations":[],"violationsByPolicy":[],"violationErrorMessage":"The app uses the following connectors: ."}}},"isAppComponentLibrary":false,"appType":"ClassicCanvasApp","appComponents":[]}}